event_id,user_id,title_id,platform_id,event_type,event_ts,scene_id,duration_seconds,sentiment_score
1,106,2,1,COMMENT,2023-05-25 05:32:00,,,0.83
2,128,3,3,SCENE_VIEW,2023-05-07 04:23:00,25.0,,
3,120,2,4,READ,2023-01-12 09:15:00,,,
4,129,3,1,READ,2023-06-16 02:48:00,,,
5,105,3,4,SCENE_VIEW,2023-02-09 16:55:00,20.0,,
6,130,3,2,COMMENT,2023-04-22 20:23:00,,,-0.12
7,117,2,1,HIGHLIGHT,2023-02-03 10:01:00,19.0,,
8,119,1,1,READ,2023-06-21 01:14:00,,,
9,128,2,1,SCENE_VIEW,2023-02-09 21:31:00,7.0,,
10,124,3,4,HIGHLIGHT,2023-04-26 13:12:00,4.0,129.0,
11,112,2,4,SHARE,2023-06-02 21:41:00,,,
12,113,3,3,READ,2023-02-07 06:34:00,,,
13,114,1,3,SHARE,2023-02-28 02:28:00,,,
14,102,3,1,READ,2023-02-06 13:31:00,,,
15,128,2,1,HIGHLIGHT,2023-04-01 12:16:00,30.0,495.0,
16,114,3,4,HIGHLIGHT,2023-02-10 06:03:00,19.0,,
17,124,2,1,READ,2023-05-16 16:58:00,,,
18,102,3,1,HIGHLIGHT,2023-01-20 02:43:00,28.0,270.0,
19,104,3,2,SCENE_VIEW,2023-05-02 19:05:00,14.0,565.0,
20,130,2,2,COMMENT,2023-02-09 12:08:00,,,0.34
21,110,2,3,READ,2023-01-15 19:36:00,,,
22,118,1,3,HIGHLIGHT,2023-03-03 07:23:00,10.0,191.0,
23,127,3,3,SCENE_VIEW,2023-06-17 00:42:00,27.0,597.0,
24,130,3,1,HIGHLIGHT,2023-03-04 03:47:00,18.0,189.0,
25,110,3,2,COMMENT,2023-02-22 20:54:00,,,-0.47
26,116,2,1,READ,2023-06-14 08:02:00,,33.0,
27,125,1,3,HIGHLIGHT,2023-06-15 17:45:00,14.0,,
28,103,3,2,SCENE_VIEW,2023-01-27 11:37:00,18.0,181.0,
29,105,1,3,COMMENT,2023-01-12 06:43:00,,,-0.5
30,104,2,4,SCENE_VIEW,2023-06-05 07:55:00,6.0,211.0,
31,101,1,3,SHARE,2023-06-28 23:51:00,,284.0,
32,106,3,1,SHARE,2023-01-28 15:14:00,,234.0,
33,112,2,2,HIGHLIGHT,2023-01-22 06:25:00,11.0,,
34,125,2,3,SCENE_VIEW,2023-04-22 17:21:00,1.0,148.0,
35,106,3,3,READ,2023-01-20 13:22:00,,351.0,
36,120,3,1,SHARE,2023-05-07 08:02:00,,,
37,117,3,2,COMMENT,2023-04-03 21:58:00,,,-0.34
38,111,3,1,COMMENT,2023-05-10 21:26:00,,,-0.35
39,123,2,2,HIGHLIGHT,2023-04-22 12:43:00,24.0,208.0,
40,113,3,1,COMMENT,2023-03-07 13:50:00,,,0.16
41,121,2,4,SHARE,2023-04-22 06:32:00,,,
42,122,1,3,SCENE_VIEW,2023-06-21 19:21:00,3.0,270.0,
43,108,1,2,READ,2023-01-08 15:39:00,,104.0,
44,114,3,2,SHARE,2023-04-13 07:09:00,,,
45,125,2,2,HIGHLIGHT,2023-06-17 14:03:00,18.0,,
46,115,1,4,SCENE_VIEW,2023-05-20 10:48:00,29.0,483.0,
47,127,3,4,HIGHLIGHT,2023-06-28 15:28:00,9.0,283.0,
48,125,3,4,HIGHLIGHT,2023-03-15 02:45:00,10.0,270.0,
49,111,2,1,HIGHLIGHT,2023-02-08 12:44:00,5.0,,
50,114,2,3,SCENE_VIEW,2023-04-14 01:13:00,27.0,460.0,
51,129,3,1,SCENE_VIEW,2023-04-16 00:22:00,10.0,429.0,
52,118,3,2,SHARE,2023-02-09 13:31:00,,59.0,
53,111,3,4,HIGHLIGHT,2023-04-05 19:34:00,1.0,,
54,103,3,4,HIGHLIGHT,2023-04-06 01:16:00,13.0,,
55,115,2,3,SHARE,2023-03-25 13:16:00,,113.0,
56,101,3,1,COMMENT,2023-02-21 02:49:00,,,0.91
57,102,1,2,HIGHLIGHT,2023-01-20 04:15:00,5.0,,
58,119,1,4,COMMENT,2023-03-06 19:38:00,,,0.93
59,123,1,2,COMMENT,2023-01-19 00:59:00,,,-0.38
60,122,2,4,HIGHLIGHT,2023-01-19 22:53:00,21.0,,
61,123,2,1,SCENE_VIEW,2023-01-12 17:27:00,22.0,,
62,117,3,3,READ,2023-04-27 15:06:00,,473.0,
63,121,2,2,SHARE,2023-02-24 16:41:00,,306.0,
64,115,2,3,COMMENT,2023-02-27 02:17:00,,,0.76
65,108,2,4,COMMENT,2023-01-16 10:11:00,,,-0.02
66,112,2,3,COMMENT,2023-05-23 08:35:00,,,-0.98
67,107,1,2,SHARE,2023-04-18 07:44:00,,517.0,
68,115,1,1,COMMENT,2023-02-13 22:15:00,,,-0.39
69,119,2,4,SCENE_VIEW,2023-05-12 13:47:00,18.0,368.0,
70,123,2,3,COMMENT,2023-03-08 03:46:00,,,-0.61
71,104,3,2,HIGHLIGHT,2023-02-24 15:17:00,24.0,567.0,
72,104,1,3,HIGHLIGHT,2023-03-06 09:00:00,23.0,,
73,109,1,1,SCENE_VIEW,2023-03-23 04:40:00,28.0,,
74,128,1,3,SHARE,2023-04-15 10:11:00,,82.0,
75,128,2,1,READ,2023-04-16 02:36:00,,,
76,105,3,3,READ,2023-02-04 17:48:00,,,
77,125,3,4,SHARE,2023-04-10 18:27:00,,,
78,120,3,1,HIGHLIGHT,2023-06-07 08:42:00,3.0,,
79,106,3,1,HIGHLIGHT,2023-01-14 14:44:00,20.0,511.0,
80,102,1,3,COMMENT,2023-06-28 14:04:00,,,0.37
81,130,2,2,SHARE,2023-01-18 07:41:00,,182.0,
82,127,1,1,READ,2023-02-26 09:38:00,,325.0,
83,104,2,3,SHARE,2023-03-17 17:31:00,,,
84,120,1,4,COMMENT,2023-05-09 00:05:00,,,-0.54
85,122,3,1,COMMENT,2023-05-02 05:30:00,,,0.04
86,115,2,2,SCENE_VIEW,2023-04-21 15:05:00,16.0,386.0,
87,111,2,1,HIGHLIGHT,2023-03-14 22:31:00,10.0,,
88,115,1,3,COMMENT,2023-03-04 12:55:00,,,0.03
89,101,3,4,SHARE,2023-01-07 16:23:00,,540.0,
90,125,1,2,COMMENT,2023-05-05 09:28:00,,,0.76
91,116,1,1,SCENE_VIEW,2023-02-23 05:19:00,18.0,44.0,
92,103,1,1,SHARE,2023-01-21 04:31:00,,328.0,
93,114,2,4,HIGHLIGHT,2023-04-18 04:24:00,7.0,,
94,128,1,3,SHARE,2023-03-26 16:17:00,,32.0,
95,124,2,4,HIGHLIGHT,2023-04-18 15:22:00,11.0,595.0,
96,115,2,2,HIGHLIGHT,2023-05-13 07:54:00,25.0,,
97,111,3,4,SHARE,2023-04-22 20:09:00,,,
98,105,3,3,READ,2023-04-04 16:58:00,,,
99,124,1,4,HIGHLIGHT,2023-01-16 08:21:00,20.0,,
100,128,2,4,COMMENT,2023-06-23 15:55:00,,,0.08
101,120,1,2,COMMENT,2023-02-24 02:27:00,,,0.96
102,125,3,1,SHARE,2023-02-23 09:57:00,,,
103,111,1,3,COMMENT,2023-03-14 04:15:00,,,0.06
104,119,3,2,HIGHLIGHT,2023-02-03 19:55:00,13.0,276.0,
105,130,3,2,HIGHLIGHT,2023-04-21 08:29:00,9.0,39.0,
106,129,2,2,READ,2023-04-12 18:19:00,,464.0,
107,115,2,2,SHARE,2023-04-04 07:24:00,,397.0,
108,123,2,1,SHARE,2023-03-01 18:55:00,,80.0,
109,127,2,2,SCENE_VIEW,2023-03-08 20:12:00,20.0,,
110,121,1,1,COMMENT,2023-04-02 18:23:00,,,0.46
111,103,2,3,SHARE,2023-02-07 04:50:00,,582.0,
112,117,3,3,HIGHLIGHT,2023-03-27 15:51:00,10.0,,
113,115,1,2,HIGHLIGHT,2023-06-24 21:25:00,28.0,600.0,
114,103,2,1,COMMENT,2023-05-04 14:23:00,,,0.35
115,122,2,4,COMMENT,2023-01-22 07:30:00,,,-0.95
116,129,3,3,SCENE_VIEW,2023-02-21 02:40:00,27.0,505.0,
117,121,2,1,HIGHLIGHT,2023-01-02 09:31:00,4.0,,
118,129,3,2,SHARE,2023-04-12 21:47:00,,583.0,
119,119,3,2,SHARE,2023-06-04 15:39:00,,447.0,
120,102,3,3,HIGHLIGHT,2023-04-15 07:54:00,12.0,131.0,
121,118,3,3,READ,2023-04-09 06:07:00,,,
122,122,1,1,READ,2023-03-08 04:50:00,,,
123,127,3,2,SCENE_VIEW,2023-02-27 07:21:00,25.0,,
124,109,1,2,SCENE_VIEW,2023-03-26 05:07:00,22.0,,
125,101,2,2,SCENE_VIEW,2023-03-01 05:16:00,2.0,159.0,
126,117,1,1,SHARE,2023-04-25 11:32:00,,141.0,
127,117,1,1,SCENE_VIEW,2023-03-15 20:01:00,2.0,520.0,
128,114,3,1,SHARE,2023-06-15 02:57:00,,112.0,
129,120,1,1,HIGHLIGHT,2023-03-20 20:37:00,18.0,362.0,
130,120,3,3,SHARE,2023-05-20 13:06:00,,,
131,114,2,2,SHARE,2023-03-27 14:25:00,,,
132,111,2,3,COMMENT,2023-03-05 21:59:00,,,-0.05
133,103,1,1,SHARE,2023-01-24 23:23:00,,,
134,119,3,3,READ,2023-04-12 21:48:00,,,
135,110,3,3,COMMENT,2023-01-19 16:13:00,,,-0.69
136,116,1,1,COMMENT,2023-05-12 03:48:00,,,-0.44
137,108,2,1,SCENE_VIEW,2023-06-27 22:17:00,1.0,214.0,
138,123,2,3,COMMENT,2023-01-06 04:36:00,,,0.31
139,103,1,1,READ,2023-06-17 06:24:00,,459.0,
140,111,1,3,COMMENT,2023-06-11 18:38:00,,,-0.83
141,102,1,2,SCENE_VIEW,2023-01-22 02:17:00,15.0,464.0,
142,120,2,4,COMMENT,2023-02-25 16:07:00,,,-0.31
143,104,2,4,SCENE_VIEW,2023-06-10 01:14:00,13.0,,
144,107,2,2,HIGHLIGHT,2023-03-10 10:07:00,1.0,539.0,
145,106,1,4,SCENE_VIEW,2023-06-08 16:35:00,27.0,,
146,113,3,1,SHARE,2023-01-15 02:55:00,,350.0,
147,119,2,4,COMMENT,2023-01-13 00:20:00,,,-0.66
148,120,2,3,READ,2023-04-28 03:15:00,,476.0,
149,117,1,4,COMMENT,2023-06-11 07:21:00,,,0.56
150,103,3,1,SCENE_VIEW,2023-05-07 11:22:00,24.0,,
151,104,1,3,HIGHLIGHT,2023-02-20 04:48:00,25.0,,
152,125,3,4,SHARE,2023-05-25 18:28:00,,360.0,
153,105,2,1,SHARE,2023-04-21 09:50:00,,,
154,112,3,1,COMMENT,2023-04-15 01:03:00,,,-0.26
155,110,1,1,SCENE_VIEW,2023-05-17 12:29:00,19.0,,
156,115,3,2,COMMENT,2023-05-16 16:09:00,,,0.92
157,115,1,3,READ,2023-05-21 05:02:00,,283.0,
158,115,3,2,COMMENT,2023-03-10 12:26:00,,,0.55
159,122,3,1,COMMENT,2023-01-11 03:35:00,,,0.36
160,110,2,2,COMMENT,2023-01-19 21:09:00,,,0.83
161,110,3,4,HIGHLIGHT,2023-05-23 02:19:00,18.0,415.0,
162,127,1,1,SHARE,2023-05-12 00:23:00,,,
163,107,2,4,HIGHLIGHT,2023-02-05 04:04:00,10.0,,
164,122,2,2,SCENE_VIEW,2023-04-05 05:11:00,27.0,199.0,
165,102,2,3,HIGHLIGHT,2023-04-20 09:48:00,24.0,,
166,118,1,3,SHARE,2023-02-12 21:36:00,,481.0,
167,125,2,4,SCENE_VIEW,2023-05-14 05:52:00,7.0,171.0,
168,102,3,4,COMMENT,2023-05-04 22:54:00,,,0.03
169,104,2,1,HIGHLIGHT,2023-03-15 16:09:00,27.0,,
170,130,1,4,COMMENT,2023-01-14 01:25:00,,,0.0
171,108,2,1,COMMENT,2023-02-01 10:59:00,,,-0.8
172,123,3,3,HIGHLIGHT,2023-02-02 09:58:00,27.0,,
173,125,3,4,SHARE,2023-05-01 02:01:00,,,
174,127,1,4,READ,2023-03-08 09:07:00,,,
175,114,3,4,READ,2023-01-27 15:38:00,,,
176,121,3,2,HIGHLIGHT,2023-03-14 00:39:00,12.0,276.0,
177,106,3,1,SCENE_VIEW,2023-03-03 16:34:00,17.0,,
178,113,2,1,SHARE,2023-03-09 23:01:00,,,
179,112,1,1,SCENE_VIEW,2023-06-25 10:08:00,2.0,390.0,
180,127,3,2,SHARE,2023-06-16 20:11:00,,,
181,123,2,1,COMMENT,2023-02-02 06:56:00,,,-0.92
182,130,2,4,SCENE_VIEW,2023-04-09 01:48:00,21.0,225.0,
183,112,1,3,COMMENT,2023-01-26 11:27:00,,,0.78
184,124,2,4,COMMENT,2023-02-16 22:31:00,,,-0.27
185,126,3,3,READ,2023-06-14 02:27:00,,214.0,
186,111,1,1,COMMENT,2023-06-10 09:28:00,,,0.21
187,114,1,4,COMMENT,2023-04-02 23:55:00,,,0.82
188,120,2,3,READ,2023-01-22 20:25:00,,,
189,101,1,4,READ,2023-02-03 07:49:00,,405.0,
190,113,3,1,SCENE_VIEW,2023-02-22 14:23:00,12.0,,
191,119,1,3,SHARE,2023-03-21 08:15:00,,,
192,124,1,4,SCENE_VIEW,2023-04-18 03:16:00,25.0,296.0,
193,107,3,3,SHARE,2023-02-04 04:54:00,,105.0,
194,106,3,4,READ,2023-06-28 10:42:00,,,
195,118,3,3,COMMENT,2023-02-23 22:59:00,,,0.4
196,106,2,2,READ,2023-02-26 04:15:00,,,
197,112,3,3,SHARE,2023-05-05 19:56:00,,,
198,110,2,4,SCENE_VIEW,2023-04-25 13:52:00,19.0,,
199,111,3,1,SHARE,2023-04-22 16:22:00,,,
200,125,1,4,SCENE_VIEW,2023-01-27 03:33:00,5.0,,
201,106,2,2,COMMENT,2023-05-10 02:16:00,,,-0.61
202,118,2,2,COMMENT,2023-05-18 02:32:00,,,0.28
203,119,3,2,HIGHLIGHT,2023-06-20 23:57:00,20.0,,
204,127,1,1,READ,2023-06-25 18:16:00,,245.0,
205,120,3,1,SHARE,2023-06-18 09:41:00,,339.0,
206,108,3,4,COMMENT,2023-04-03 22:03:00,,,-0.68
207,114,2,4,HIGHLIGHT,2023-03-20 04:20:00,28.0,356.0,
208,113,1,3,SCENE_VIEW,2023-05-04 10:15:00,15.0,155.0,
209,115,1,2,READ,2023-01-10 12:55:00,,,
210,128,1,3,SCENE_VIEW,2023-06-11 06:48:00,6.0,540.0,
211,116,2,4,READ,2023-01-13 16:29:00,,,
212,119,2,1,READ,2023-03-16 19:56:00,,511.0,
213,118,1,1,SHARE,2023-02-09 23:23:00,,442.0,
214,102,2,1,SCENE_VIEW,2023-05-07 11:35:00,10.0,105.0,
215,117,2,3,SCENE_VIEW,2023-06-20 03:08:00,4.0,433.0,
216,126,2,3,HIGHLIGHT,2023-02-20 16:25:00,17.0,,
217,102,1,3,SHARE,2023-05-15 04:38:00,,,
218,111,3,3,HIGHLIGHT,2023-04-20 23:53:00,10.0,374.0,
219,123,3,3,SHARE,2023-01-12 10:43:00,,142.0,
220,119,2,1,SCENE_VIEW,2023-04-09 20:50:00,25.0,,
221,119,2,2,SCENE_VIEW,2023-06-24 19:49:00,27.0,,
222,127,3,2,READ,2023-05-23 03:12:00,,49.0,
223,111,2,2,SHARE,2023-06-07 13:32:00,,,
224,123,1,2,SCENE_VIEW,2023-03-22 15:33:00,13.0,,
225,115,3,3,SCENE_VIEW,2023-03-22 23:43:00,21.0,300.0,
226,107,1,3,SCENE_VIEW,2023-03-08 09:49:00,10.0,242.0,
227,111,2,3,SCENE_VIEW,2023-06-09 09:07:00,19.0,586.0,
228,129,2,3,HIGHLIGHT,2023-03-02 09:45:00,3.0,384.0,
229,121,2,4,HIGHLIGHT,2023-02-27 17:17:00,30.0,,
230,104,3,2,HIGHLIGHT,2023-01-22 16:14:00,21.0,,
231,104,2,3,SHARE,2023-01-22 04:00:00,,,
232,114,3,4,SHARE,2023-06-07 09:20:00,,,
233,130,1,2,SCENE_VIEW,2023-06-24 01:58:00,30.0,209.0,
234,129,1,1,SHARE,2023-04-06 23:55:00,,,
235,101,2,1,COMMENT,2023-03-15 20:34:00,,,0.05
236,129,1,4,COMMENT,2023-02-26 03:21:00,,,-0.68
237,115,3,3,HIGHLIGHT,2023-01-24 10:50:00,10.0,,
238,120,3,4,SHARE,2023-05-11 02:25:00,,,
239,105,2,3,HIGHLIGHT,2023-01-09 12:15:00,15.0,303.0,
240,110,3,1,COMMENT,2023-06-12 22:15:00,,,-0.88
241,104,2,3,HIGHLIGHT,2023-04-22 16:59:00,29.0,,
242,121,2,3,SCENE_VIEW,2023-02-08 04:30:00,5.0,495.0,
243,114,3,4,SCENE_VIEW,2023-06-27 06:48:00,8.0,113.0,
244,117,3,3,READ,2023-05-04 01:53:00,,,
245,119,3,2,HIGHLIGHT,2023-03-28 16:28:00,4.0,240.0,
246,103,3,4,READ,2023-04-05 16:26:00,,,
247,118,2,3,READ,2023-04-09 00:47:00,,,
248,102,2,3,READ,2023-05-02 02:59:00,,,
249,110,2,2,HIGHLIGHT,2023-06-24 20:26:00,12.0,421.0,
250,128,2,4,READ,2023-06-22 17:08:00,,,
251,106,3,4,SCENE_VIEW,2023-02-24 07:53:00,1.0,53.0,
252,115,3,4,SCENE_VIEW,2023-04-27 07:15:00,15.0,,
253,109,1,1,READ,2023-06-14 19:49:00,,,
254,107,1,1,SCENE_VIEW,2023-01-15 19:43:00,23.0,,
255,124,1,4,SHARE,2023-02-18 06:48:00,,,
256,117,2,2,SCENE_VIEW,2023-03-19 19:49:00,22.0,,
257,110,1,2,SHARE,2023-03-09 01:35:00,,209.0,
258,118,2,1,COMMENT,2023-06-22 12:50:00,,,0.05
259,123,2,4,HIGHLIGHT,2023-03-13 05:48:00,18.0,,
260,128,1,3,HIGHLIGHT,2023-04-02 17:26:00,14.0,,
261,113,1,3,HIGHLIGHT,2023-03-21 02:59:00,15.0,,
262,118,3,2,READ,2023-03-13 21:38:00,,,
263,107,3,2,SHARE,2023-02-28 10:19:00,,,
264,130,1,1,SHARE,2023-02-23 19:45:00,,239.0,
265,130,1,3,COMMENT,2023-04-15 17:41:00,,,-0.28
266,109,2,4,SHARE,2023-01-26 23:30:00,,,
267,112,2,4,READ,2023-05-28 07:47:00,,,
268,109,3,4,COMMENT,2023-02-07 10:14:00,,,-0.24
269,127,1,4,SCENE_VIEW,2023-06-22 10:16:00,25.0,530.0,
270,115,1,3,HIGHLIGHT,2023-02-24 17:31:00,6.0,,
271,117,1,1,READ,2023-01-14 04:53:00,,,
272,123,1,1,HIGHLIGHT,2023-05-15 11:03:00,20.0,524.0,
273,101,1,4,READ,2023-01-17 23:17:00,,578.0,
274,101,3,4,HIGHLIGHT,2023-01-04 16:09:00,8.0,226.0,
275,127,2,3,SHARE,2023-01-12 12:29:00,,,
276,110,3,1,READ,2023-01-13 12:24:00,,595.0,
277,102,3,1,HIGHLIGHT,2023-01-16 13:41:00,26.0,,
278,129,3,1,HIGHLIGHT,2023-02-28 22:56:00,19.0,516.0,
279,102,1,3,SCENE_VIEW,2023-05-22 01:11:00,30.0,,
280,107,3,2,SHARE,2023-01-10 05:36:00,,276.0,
281,122,3,3,SHARE,2023-06-05 22:46:00,,110.0,
282,102,1,4,HIGHLIGHT,2023-01-11 19:49:00,20.0,436.0,
283,101,3,3,SHARE,2023-04-08 11:35:00,,414.0,
284,106,3,4,READ,2023-05-10 07:45:00,,,
285,109,1,4,HIGHLIGHT,2023-06-13 10:23:00,4.0,,
286,110,2,3,COMMENT,2023-01-05 02:11:00,,,-0.14
287,118,3,4,READ,2023-01-03 11:35:00,,125.0,
288,128,2,1,COMMENT,2023-04-13 02:46:00,,,0.8
289,129,1,2,SHARE,2023-02-05 08:19:00,,304.0,
290,105,1,2,SHARE,2023-03-14 09:30:00,,108.0,
291,109,1,4,SCENE_VIEW,2023-05-07 14:06:00,5.0,,
292,113,2,4,COMMENT,2023-04-11 13:52:00,,,0.65
293,121,3,2,COMMENT,2023-03-20 22:12:00,,,-0.04
294,106,2,3,COMMENT,2023-06-23 20:31:00,,,0.94
295,126,1,3,SHARE,2023-03-27 12:23:00,,,
296,119,3,2,SCENE_VIEW,2023-01-24 14:45:00,7.0,478.0,
297,127,3,1,SHARE,2023-06-16 04:40:00,,,
298,109,3,2,SHARE,2023-04-03 14:38:00,,520.0,
299,118,3,4,SCENE_VIEW,2023-01-26 11:44:00,29.0,,
300,104,1,3,HIGHLIGHT,2023-06-20 01:36:00,21.0,439.0,
301,126,2,1,READ,2023-01-09 07:32:00,,,
302,115,2,4,SHARE,2023-06-19 22:32:00,,184.0,
303,101,2,1,COMMENT,2023-04-03 03:53:00,,,0.88
304,105,2,3,COMMENT,2023-04-26 06:33:00,,,-0.03
305,116,1,4,SHARE,2023-03-03 09:02:00,,,
306,128,2,1,HIGHLIGHT,2023-06-08 16:11:00,18.0,193.0,
307,118,2,4,HIGHLIGHT,2023-04-21 05:11:00,21.0,472.0,
308,101,3,2,SHARE,2023-05-14 12:00:00,,,
309,109,3,1,SCENE_VIEW,2023-01-26 17:11:00,12.0,,
310,115,1,3,SHARE,2023-05-21 10:38:00,,427.0,
311,119,1,3,COMMENT,2023-04-20 05:52:00,,,0.35
312,126,2,1,HIGHLIGHT,2023-03-04 07:19:00,4.0,217.0,
313,123,1,4,SHARE,2023-05-05 18:24:00,,,
314,116,3,2,SCENE_VIEW,2023-02-16 09:08:00,6.0,352.0,
315,120,1,3,READ,2023-04-05 06:52:00,,423.0,
316,114,3,4,SHARE,2023-06-27 14:31:00,,,
317,119,1,2,COMMENT,2023-01-09 07:34:00,,,-0.42
318,125,2,4,SCENE_VIEW,2023-05-04 18:07:00,9.0,586.0,
319,118,1,4,SCENE_VIEW,2023-02-14 03:47:00,27.0,283.0,
320,128,1,4,COMMENT,2023-03-28 02:28:00,,,0.73
321,104,1,2,SCENE_VIEW,2023-06-12 22:39:00,21.0,,
322,120,1,2,HIGHLIGHT,2023-01-19 11:34:00,9.0,,
323,111,3,3,COMMENT,2023-05-09 16:57:00,,,0.36
324,104,1,4,READ,2023-03-28 20:08:00,,,
325,105,3,3,HIGHLIGHT,2023-06-13 15:09:00,19.0,305.0,
326,113,2,1,READ,2023-04-17 23:17:00,,407.0,
327,116,2,1,READ,2023-06-15 20:42:00,,,
328,126,3,4,HIGHLIGHT,2023-04-27 06:31:00,9.0,360.0,
329,111,3,2,SCENE_VIEW,2023-04-26 10:57:00,22.0,,
330,104,3,4,READ,2023-01-28 05:28:00,,,
331,114,1,2,COMMENT,2023-02-28 08:05:00,,,0.31
332,109,1,3,HIGHLIGHT,2023-01-13 20:19:00,24.0,269.0,
333,121,1,1,READ,2023-02-16 02:08:00,,261.0,
334,101,1,3,READ,2023-04-23 04:30:00,,,
335,113,1,1,READ,2023-03-12 09:08:00,,,
336,121,3,2,READ,2023-05-19 00:39:00,,198.0,
337,112,3,2,HIGHLIGHT,2023-04-20 21:28:00,28.0,,
338,129,1,2,READ,2023-05-24 12:22:00,,469.0,
339,126,1,2,COMMENT,2023-06-03 07:35:00,,,0.2
340,124,3,3,READ,2023-06-10 06:33:00,,,
341,124,2,3,READ,2023-02-16 12:07:00,,276.0,
342,121,3,1,SCENE_VIEW,2023-01-12 10:08:00,13.0,460.0,
343,118,3,2,SHARE,2023-01-01 18:04:00,,44.0,
344,107,1,1,SHARE,2023-05-10 20:45:00,,543.0,
345,114,3,4,READ,2023-06-18 17:39:00,,186.0,
346,103,2,1,SCENE_VIEW,2023-02-26 04:34:00,11.0,,
347,110,3,4,HIGHLIGHT,2023-01-08 02:59:00,14.0,148.0,
348,120,3,1,COMMENT,2023-06-24 21:47:00,,,-0.65
349,101,3,2,READ,2023-02-16 11:33:00,,559.0,
350,106,2,2,COMMENT,2023-06-04 00:21:00,,,0.61
351,109,3,1,COMMENT,2023-06-19 20:04:00,,,-0.01
352,117,2,1,SHARE,2023-05-06 11:10:00,,,
353,129,3,1,HIGHLIGHT,2023-06-17 00:02:00,28.0,,
354,102,2,3,SHARE,2023-02-06 01:35:00,,,
355,111,1,4,COMMENT,2023-03-27 02:36:00,,,-0.25
356,117,3,1,HIGHLIGHT,2023-02-26 16:02:00,13.0,100.0,
357,128,2,3,COMMENT,2023-01-18 14:00:00,,,-0.26
358,110,3,3,SCENE_VIEW,2023-02-15 11:37:00,16.0,,
359,105,1,4,READ,2023-02-18 11:40:00,,39.0,
360,101,3,4,COMMENT,2023-01-07 16:15:00,,,-0.16
361,102,1,3,READ,2023-01-08 16:26:00,,411.0,
362,124,1,1,SCENE_VIEW,2023-02-21 12:04:00,19.0,93.0,
363,122,1,2,COMMENT,2023-03-28 10:59:00,,,0.6
364,123,3,3,COMMENT,2023-04-09 07:04:00,,,0.89
365,105,3,1,HIGHLIGHT,2023-01-06 14:29:00,11.0,,
366,118,2,2,SHARE,2023-03-15 08:54:00,,,
367,106,3,3,SCENE_VIEW,2023-01-07 10:09:00,3.0,284.0,
368,113,3,1,COMMENT,2023-03-27 05:01:00,,,0.9
369,128,2,2,READ,2023-04-04 04:07:00,,,
370,127,1,2,HIGHLIGHT,2023-04-12 21:40:00,21.0,116.0,
371,130,1,1,READ,2023-02-21 14:51:00,,,
372,129,2,1,READ,2023-04-02 05:59:00,,473.0,
373,116,1,4,SHARE,2023-02-12 06:58:00,,221.0,
374,109,2,2,READ,2023-05-20 19:15:00,,332.0,
375,114,3,4,READ,2023-01-09 12:08:00,,,
376,121,3,2,SCENE_VIEW,2023-01-13 22:22:00,16.0,587.0,
377,112,3,3,SHARE,2023-03-06 00:20:00,,,
378,129,2,1,SHARE,2023-05-12 18:14:00,,,
379,108,3,2,COMMENT,2023-05-27 23:03:00,,,0.53
380,108,3,4,COMMENT,2023-02-06 07:37:00,,,-0.36
381,124,3,3,SCENE_VIEW,2023-01-23 22:22:00,19.0,,
382,127,2,3,HIGHLIGHT,2023-04-02 02:03:00,8.0,,
383,117,2,1,COMMENT,2023-05-07 04:21:00,,,0.43
384,130,2,1,READ,2023-02-19 22:58:00,,,
385,128,3,3,READ,2023-03-23 21:25:00,,133.0,
386,110,2,2,HIGHLIGHT,2023-06-14 20:31:00,21.0,,
387,123,3,3,HIGHLIGHT,2023-06-19 05:24:00,10.0,,
388,106,3,1,SCENE_VIEW,2023-04-28 18:02:00,6.0,,
389,121,3,1,SHARE,2023-02-11 23:04:00,,273.0,
390,111,1,1,COMMENT,2023-04-01 08:13:00,,,-0.5
391,103,2,3,READ,2023-06-01 01:24:00,,478.0,
392,106,2,4,SHARE,2023-03-18 12:06:00,,,
393,106,2,1,READ,2023-03-01 10:16:00,,,
394,111,1,4,HIGHLIGHT,2023-06-03 17:57:00,3.0,376.0,
395,123,1,4,HIGHLIGHT,2023-05-14 05:03:00,4.0,,
396,107,2,3,COMMENT,2023-03-08 03:03:00,,,-0.21
397,118,2,2,READ,2023-03-01 13:05:00,,331.0,
398,107,1,1,HIGHLIGHT,2023-02-21 09:05:00,16.0,148.0,
399,126,2,4,SHARE,2023-06-09 02:41:00,,587.0,
400,106,2,4,COMMENT,2023-02-15 01:16:00,,,-0.12
401,109,1,3,SCENE_VIEW,2023-01-05 22:42:00,4.0,117.0,
402,126,3,4,SCENE_VIEW,2023-02-18 01:53:00,13.0,565.0,
403,118,3,4,SCENE_VIEW,2023-02-16 09:05:00,13.0,,
404,104,2,2,HIGHLIGHT,2023-02-26 06:08:00,2.0,,
405,122,2,2,HIGHLIGHT,2023-05-09 10:58:00,24.0,,
406,113,3,4,SCENE_VIEW,2023-03-28 08:33:00,15.0,42.0,
407,104,2,2,HIGHLIGHT,2023-05-19 18:48:00,4.0,,
408,126,2,3,SHARE,2023-03-13 20:31:00,,,
409,106,2,4,HIGHLIGHT,2023-05-20 21:44:00,13.0,69.0,
410,129,2,2,READ,2023-06-16 08:57:00,,,
411,111,2,3,COMMENT,2023-04-28 22:43:00,,,-0.8
412,128,1,2,COMMENT,2023-06-15 10:17:00,,,0.46
413,120,3,1,HIGHLIGHT,2023-04-07 13:47:00,16.0,558.0,
414,127,1,2,READ,2023-03-23 16:25:00,,,
415,106,1,2,READ,2023-02-02 14:03:00,,,
416,109,2,4,SCENE_VIEW,2023-04-21 03:43:00,1.0,277.0,
417,116,3,4,HIGHLIGHT,2023-04-19 17:22:00,12.0,197.0,
418,124,3,1,COMMENT,2023-01-13 01:10:00,,,0.71
419,125,1,2,HIGHLIGHT,2023-06-07 08:41:00,14.0,,
420,128,3,1,SHARE,2023-02-21 05:38:00,,,
421,109,3,3,COMMENT,2023-04-13 11:29:00,,,-0.5
422,115,2,4,SCENE_VIEW,2023-01-01 16:42:00,27.0,413.0,
423,110,3,1,SHARE,2023-01-11 08:40:00,,362.0,
424,109,3,3,HIGHLIGHT,2023-02-17 07:57:00,2.0,443.0,
425,122,1,1,SHARE,2023-03-09 13:25:00,,,
426,119,3,2,COMMENT,2023-06-23 07:43:00,,,0.07
427,126,2,3,SCENE_VIEW,2023-03-28 05:53:00,22.0,215.0,
428,104,2,2,COMMENT,2023-06-26 17:48:00,,,0.83
429,122,2,1,HIGHLIGHT,2023-03-08 23:55:00,10.0,460.0,
430,112,2,3,SHARE,2023-01-16 01:55:00,,102.0,
431,129,1,1,SHARE,2023-05-10 13:03:00,,,
432,107,2,4,SCENE_VIEW,2023-04-05 10:55:00,23.0,,
433,116,2,2,COMMENT,2023-06-02 00:28:00,,,-0.45
434,125,1,2,SHARE,2023-01-05 19:27:00,,469.0,
435,114,2,4,READ,2023-01-18 06:46:00,,,
436,129,2,2,READ,2023-06-01 20:46:00,,,
437,123,2,3,HIGHLIGHT,2023-01-13 16:37:00,10.0,,
438,127,1,3,COMMENT,2023-04-24 16:38:00,,,0.05
439,114,3,2,COMMENT,2023-04-12 06:10:00,,,0.9
440,130,2,1,HIGHLIGHT,2023-02-24 04:13:00,24.0,,
441,104,2,1,SHARE,2023-06-09 17:39:00,,,
442,122,1,1,READ,2023-06-04 13:28:00,,,
443,118,2,4,HIGHLIGHT,2023-02-23 21:40:00,1.0,338.0,
444,122,1,3,SCENE_VIEW,2023-05-23 04:26:00,27.0,,
445,110,1,1,SHARE,2023-02-20 06:49:00,,,
446,112,3,4,COMMENT,2023-02-02 17:31:00,,,0.82
447,123,2,3,HIGHLIGHT,2023-01-01 21:05:00,30.0,143.0,
448,105,1,1,READ,2023-03-21 07:29:00,,333.0,
449,115,1,1,HIGHLIGHT,2023-01-28 09:23:00,26.0,350.0,
450,124,1,1,READ,2023-01-28 04:42:00,,204.0,
451,112,2,3,READ,2023-03-27 10:11:00,,146.0,
452,113,2,3,SHARE,2023-06-28 15:51:00,,,
453,104,1,1,HIGHLIGHT,2023-01-14 18:30:00,26.0,,
454,120,2,3,SCENE_VIEW,2023-01-28 21:56:00,27.0,163.0,
455,130,2,1,SHARE,2023-04-02 02:16:00,,,
456,123,3,2,COMMENT,2023-05-17 22:44:00,,,0.24
457,114,3,2,SHARE,2023-03-22 21:41:00,,,
458,127,3,1,READ,2023-06-06 16:54:00,,510.0,
459,128,1,1,SHARE,2023-03-08 10:17:00,,,
460,118,3,4,SHARE,2023-02-03 14:28:00,,,
461,128,2,4,COMMENT,2023-01-16 23:41:00,,,-0.96
462,113,2,1,SCENE_VIEW,2023-05-01 02:50:00,20.0,,
463,121,3,4,COMMENT,2023-03-27 01:52:00,,,-0.55
464,115,2,4,COMMENT,2023-06-15 03:06:00,,,0.52
465,108,1,3,COMMENT,2023-06-26 09:35:00,,,0.04
466,123,1,1,HIGHLIGHT,2023-04-05 22:47:00,24.0,,
467,109,3,2,HIGHLIGHT,2023-01-28 12:13:00,15.0,225.0,
468,104,2,1,SCENE_VIEW,2023-01-25 14:29:00,22.0,,
469,116,1,1,SCENE_VIEW,2023-04-27 18:30:00,30.0,,
470,123,3,2,HIGHLIGHT,2023-01-13 21:38:00,20.0,359.0,
471,114,3,2,COMMENT,2023-04-11 09:28:00,,,0.61
472,105,2,3,SCENE_VIEW,2023-03-23 23:59:00,18.0,,
473,107,3,3,COMMENT,2023-06-05 22:41:00,,,0.95
474,106,3,3,READ,2023-03-18 15:37:00,,457.0,
475,129,2,1,SCENE_VIEW,2023-01-01 12:09:00,2.0,,
476,109,1,3,COMMENT,2023-02-27 01:44:00,,,0.57
477,107,3,1,COMMENT,2023-04-04 19:55:00,,,0.35
478,118,1,4,HIGHLIGHT,2023-05-26 22:18:00,23.0,78.0,
479,113,2,3,SCENE_VIEW,2023-01-01 23:16:00,7.0,,
480,130,3,3,SCENE_VIEW,2023-05-24 19:12:00,25.0,228.0,
481,115,1,1,HIGHLIGHT,2023-02-24 16:07:00,13.0,71.0,
482,109,3,3,HIGHLIGHT,2023-02-19 08:00:00,11.0,,
483,102,1,3,SCENE_VIEW,2023-01-25 20:39:00,27.0,338.0,
484,126,3,3,READ,2023-06-11 16:14:00,,,
485,126,3,2,SHARE,2023-05-18 12:05:00,,,
486,129,1,3,COMMENT,2023-03-10 06:48:00,,,0.24
487,116,3,1,READ,2023-06-12 14:15:00,,,
488,122,2,4,READ,2023-04-09 17:46:00,,,
489,130,3,3,SCENE_VIEW,2023-05-15 15:02:00,10.0,227.0,
490,117,1,1,HIGHLIGHT,2023-05-18 00:40:00,3.0,,
491,128,3,4,READ,2023-02-18 22:56:00,,,
492,124,3,2,READ,2023-04-23 10:02:00,,,
493,102,1,3,SCENE_VIEW,2023-01-19 07:58:00,9.0,447.0,
494,115,3,4,SHARE,2023-03-01 12:43:00,,,
495,121,3,1,SCENE_VIEW,2023-01-23 02:22:00,30.0,,
496,110,3,3,SCENE_VIEW,2023-01-10 14:24:00,13.0,61.0,
497,106,3,2,HIGHLIGHT,2023-06-13 17:18:00,21.0,177.0,
498,122,3,3,READ,2023-05-28 17:09:00,,,
499,101,3,4,SCENE_VIEW,2023-05-03 09:13:00,24.0,,
500,114,3,2,HIGHLIGHT,2023-02-08 19:53:00,9.0,,
501,106,3,1,SCENE_VIEW,2023-04-21 17:04:00,10.0,98.0,
502,104,1,4,COMMENT,2023-03-05 21:41:00,,,-0.53
503,110,3,1,HIGHLIGHT,2023-03-16 14:21:00,20.0,,
504,119,3,3,COMMENT,2023-04-06 00:20:00,,,-0.51
505,108,3,4,COMMENT,2023-03-05 21:46:00,,,-0.34
506,116,2,4,COMMENT,2023-03-16 17:06:00,,,-0.65
507,120,1,3,HIGHLIGHT,2023-05-07 08:46:00,29.0,,
508,129,1,1,SCENE_VIEW,2023-05-13 18:13:00,30.0,67.0,
509,118,3,4,HIGHLIGHT,2023-03-13 07:57:00,25.0,,
510,115,3,1,SHARE,2023-03-17 00:42:00,,,
511,125,3,2,SHARE,2023-02-06 18:36:00,,179.0,
512,112,1,2,SHARE,2023-02-03 08:23:00,,,
513,122,1,3,SHARE,2023-04-15 01:02:00,,,
514,123,3,3,COMMENT,2023-05-18 18:11:00,,,-0.25
515,113,2,1,SCENE_VIEW,2023-03-13 07:33:00,13.0,391.0,
516,116,2,1,SCENE_VIEW,2023-02-15 05:14:00,3.0,556.0,
517,107,1,2,HIGHLIGHT,2023-03-20 22:52:00,4.0,265.0,
518,126,2,1,SHARE,2023-06-16 15:13:00,,195.0,
519,101,1,1,HIGHLIGHT,2023-05-19 05:08:00,21.0,,
520,129,3,2,READ,2023-02-09 05:33:00,,,
521,129,3,3,READ,2023-02-15 19:30:00,,,
522,108,2,2,SCENE_VIEW,2023-02-20 21:32:00,9.0,201.0,
523,130,2,1,HIGHLIGHT,2023-04-13 04:06:00,1.0,237.0,
524,127,1,1,HIGHLIGHT,2023-04-20 19:02:00,29.0,,
525,103,2,2,SCENE_VIEW,2023-05-27 00:57:00,25.0,471.0,
526,112,1,4,HIGHLIGHT,2023-04-26 12:22:00,19.0,130.0,
527,105,2,4,HIGHLIGHT,2023-01-10 19:56:00,18.0,448.0,
528,107,1,1,SCENE_VIEW,2023-05-04 16:00:00,13.0,240.0,
529,114,2,1,HIGHLIGHT,2023-04-21 18:16:00,9.0,578.0,
530,119,2,3,SHARE,2023-02-14 17:50:00,,600.0,
531,106,2,4,COMMENT,2023-03-19 11:49:00,,,0.41
532,124,1,1,HIGHLIGHT,2023-04-26 22:10:00,4.0,249.0,
533,126,2,1,HIGHLIGHT,2023-04-21 00:51:00,3.0,178.0,
534,130,3,4,READ,2023-01-09 07:23:00,,,
535,124,2,4,SCENE_VIEW,2023-06-17 09:45:00,20.0,,
536,121,2,4,READ,2023-02-28 21:59:00,,560.0,
537,107,1,2,SCENE_VIEW,2023-02-22 01:23:00,8.0,,
538,103,2,4,COMMENT,2023-06-13 12:37:00,,,-0.6
539,101,3,1,READ,2023-05-10 23:53:00,,386.0,
540,127,2,2,SCENE_VIEW,2023-02-15 12:36:00,1.0,,
541,114,3,1,SCENE_VIEW,2023-01-17 09:21:00,4.0,555.0,
542,129,3,3,SHARE,2023-04-19 15:49:00,,279.0,
543,125,2,4,SCENE_VIEW,2023-01-16 03:16:00,3.0,,
544,122,3,2,COMMENT,2023-04-12 16:34:00,,,-0.98
545,127,2,2,COMMENT,2023-01-13 21:47:00,,,0.64
546,103,3,2,SHARE,2023-03-12 06:57:00,,,
547,124,3,2,SHARE,2023-06-07 07:47:00,,277.0,
548,107,1,2,HIGHLIGHT,2023-05-12 04:49:00,4.0,,
549,122,3,4,SCENE_VIEW,2023-01-25 17:02:00,28.0,523.0,
550,120,2,4,SCENE_VIEW,2023-03-16 05:48:00,30.0,553.0,
551,113,1,2,READ,2023-05-26 13:30:00,,,
552,117,2,4,HIGHLIGHT,2023-04-04 22:33:00,15.0,,
553,101,3,2,SHARE,2023-05-04 10:23:00,,,
554,118,2,2,COMMENT,2023-04-20 10:23:00,,,-0.63
555,114,1,4,COMMENT,2023-03-28 12:17:00,,,-0.1
556,119,1,2,READ,2023-06-09 07:35:00,,472.0,
557,107,1,2,SHARE,2023-01-06 13:31:00,,167.0,
558,126,2,3,COMMENT,2023-05-28 18:03:00,,,-0.2
559,123,1,1,HIGHLIGHT,2023-03-16 20:06:00,15.0,372.0,
560,112,2,3,COMMENT,2023-01-14 03:22:00,,,0.73
561,120,1,2,COMMENT,2023-03-11 21:32:00,,,-0.03
562,124,2,1,SHARE,2023-05-10 14:40:00,,,
563,121,2,4,SCENE_VIEW,2023-05-13 02:05:00,6.0,,
564,111,2,3,COMMENT,2023-05-21 12:17:00,,,0.78
565,125,2,4,SHARE,2023-02-06 00:08:00,,270.0,
566,124,3,1,HIGHLIGHT,2023-02-13 03:06:00,3.0,,
567,101,2,1,READ,2023-03-20 04:05:00,,429.0,
568,108,1,3,SHARE,2023-06-05 04:33:00,,,
569,102,3,3,COMMENT,2023-04-15 17:59:00,,,-0.46
570,115,1,2,SCENE_VIEW,2023-05-15 20:47:00,21.0,475.0,
571,130,2,4,SCENE_VIEW,2023-02-26 02:28:00,10.0,404.0,
572,109,1,3,READ,2023-01-17 04:22:00,,323.0,
573,118,1,4,SHARE,2023-03-01 13:51:00,,,
574,126,1,3,HIGHLIGHT,2023-04-18 13:25:00,8.0,197.0,
575,127,2,2,COMMENT,2023-01-14 20:15:00,,,0.03
576,126,3,3,COMMENT,2023-06-24 17:51:00,,,-0.46
577,107,1,2,HIGHLIGHT,2023-03-04 20:29:00,20.0,493.0,
578,123,3,4,HIGHLIGHT,2023-03-01 04:03:00,18.0,,
579,104,2,3,HIGHLIGHT,2023-06-15 23:00:00,8.0,,
580,101,2,2,COMMENT,2023-04-10 15:23:00,,,-0.07
581,126,1,3,READ,2023-02-02 08:49:00,,,
582,118,2,2,HIGHLIGHT,2023-03-27 12:53:00,1.0,,
583,113,2,2,READ,2023-02-15 23:49:00,,,
584,116,2,3,COMMENT,2023-02-21 23:02:00,,,0.49
585,118,3,1,COMMENT,2023-04-21 09:12:00,,,-0.28
586,102,3,2,READ,2023-02-21 13:20:00,,,
587,126,2,1,SHARE,2023-02-01 01:37:00,,,
588,112,1,2,HIGHLIGHT,2023-04-03 21:39:00,11.0,,
589,112,3,2,SCENE_VIEW,2023-01-05 15:14:00,11.0,385.0,
590,124,1,1,SHARE,2023-03-24 04:16:00,,70.0,
591,123,2,3,SCENE_VIEW,2023-06-16 06:36:00,6.0,586.0,
592,111,3,4,COMMENT,2023-05-28 17:10:00,,,-0.86
593,105,2,3,COMMENT,2023-05-12 14:00:00,,,0.55
594,117,2,2,READ,2023-05-28 11:49:00,,274.0,
595,124,1,4,HIGHLIGHT,2023-05-22 15:49:00,18.0,187.0,
596,111,2,3,READ,2023-01-17 21:04:00,,,
597,106,1,2,READ,2023-04-07 03:02:00,,427.0,
598,117,3,3,READ,2023-03-08 19:45:00,,,
599,130,1,4,READ,2023-04-26 20:03:00,,399.0,
600,127,2,1,SCENE_VIEW,2023-03-17 01:46:00,3.0,,
601,107,3,1,READ,2023-06-08 17:24:00,,,
602,117,3,2,SCENE_VIEW,2023-06-06 17:47:00,18.0,,
603,125,3,3,SHARE,2023-06-22 13:56:00,,,
604,126,1,4,SCENE_VIEW,2023-03-22 05:34:00,20.0,483.0,
605,129,2,3,COMMENT,2023-04-25 20:27:00,,,0.65
606,111,3,2,SCENE_VIEW,2023-05-07 12:49:00,18.0,290.0,
607,115,2,4,READ,2023-06-02 09:38:00,,,
608,129,2,1,COMMENT,2023-02-07 10:01:00,,,0.54
609,123,2,2,READ,2023-01-15 11:09:00,,171.0,
610,112,3,2,HIGHLIGHT,2023-03-26 09:05:00,19.0,,
611,124,1,3,SHARE,2023-02-16 22:44:00,,127.0,
612,102,3,4,READ,2023-01-25 10:22:00,,474.0,
613,130,1,2,SCENE_VIEW,2023-01-21 20:24:00,2.0,,
614,111,3,2,COMMENT,2023-05-23 07:09:00,,,-0.9
615,124,2,4,SCENE_VIEW,2023-05-17 02:14:00,14.0,326.0,
616,105,1,3,READ,2023-04-19 23:03:00,,591.0,
617,109,1,4,SCENE_VIEW,2023-04-25 22:08:00,25.0,168.0,
618,118,1,4,SHARE,2023-06-19 06:35:00,,,
619,108,1,3,SHARE,2023-03-22 18:05:00,,145.0,
620,114,2,3,HIGHLIGHT,2023-03-12 19:41:00,1.0,,
621,112,3,4,SCENE_VIEW,2023-02-15 01:59:00,27.0,,
622,122,2,2,READ,2023-01-24 01:15:00,,181.0,
623,101,2,1,COMMENT,2023-04-16 00:21:00,,,-0.58
624,118,1,2,SCENE_VIEW,2023-05-25 08:35:00,16.0,,
625,113,3,1,COMMENT,2023-02-02 09:12:00,,,0.58
626,120,2,1,SHARE,2023-06-01 02:24:00,,307.0,
627,128,1,1,COMMENT,2023-06-13 07:24:00,,,0.02
628,123,1,3,SHARE,2023-05-18 02:11:00,,233.0,
629,118,3,1,READ,2023-02-17 09:21:00,,531.0,
630,124,1,1,COMMENT,2023-06-12 11:40:00,,,-0.4
631,117,2,1,COMMENT,2023-04-27 00:35:00,,,0.9
632,108,1,3,SHARE,2023-06-05 02:46:00,,,
633,114,1,2,SHARE,2023-03-20 10:28:00,,,
634,107,3,2,SCENE_VIEW,2023-05-22 06:55:00,5.0,,
635,114,1,2,COMMENT,2023-01-18 17:46:00,,,-0.76
636,111,1,1,COMMENT,2023-04-14 09:28:00,,,0.49
637,127,3,3,HIGHLIGHT,2023-02-04 04:11:00,1.0,,
638,120,1,2,READ,2023-03-03 22:49:00,,,
639,117,3,4,COMMENT,2023-02-28 12:31:00,,,-0.05
640,106,1,2,READ,2023-04-25 00:59:00,,306.0,
641,108,3,2,HIGHLIGHT,2023-01-06 14:55:00,20.0,531.0,
642,128,2,2,SHARE,2023-04-25 01:38:00,,419.0,
643,113,3,1,SCENE_VIEW,2023-01-15 14:52:00,29.0,,
644,117,3,4,READ,2023-05-13 16:48:00,,,
645,110,2,4,COMMENT,2023-03-15 05:27:00,,,-0.41
646,130,1,2,SHARE,2023-06-15 02:46:00,,,
647,106,3,2,SHARE,2023-04-11 14:01:00,,213.0,
648,119,3,2,SHARE,2023-01-09 10:44:00,,,
649,103,1,4,COMMENT,2023-01-17 22:24:00,,,0.45
650,117,3,2,SHARE,2023-05-13 01:49:00,,204.0,
651,119,3,2,HIGHLIGHT,2023-02-06 22:03:00,14.0,345.0,
652,124,2,3,HIGHLIGHT,2023-01-05 06:00:00,20.0,,
653,115,2,4,SCENE_VIEW,2023-01-20 15:15:00,7.0,517.0,
654,114,2,1,SCENE_VIEW,2023-05-01 07:56:00,18.0,,
655,102,1,2,READ,2023-06-12 01:09:00,,63.0,
656,111,1,1,READ,2023-04-06 05:43:00,,,
657,115,3,3,READ,2023-01-25 09:20:00,,407.0,
658,127,1,4,SCENE_VIEW,2023-01-10 15:08:00,4.0,311.0,
659,117,2,2,HIGHLIGHT,2023-05-02 03:36:00,24.0,,
660,116,3,3,SHARE,2023-05-28 10:16:00,,568.0,
661,130,1,4,SCENE_VIEW,2023-06-21 15:31:00,26.0,,
662,123,2,2,READ,2023-01-01 14:40:00,,,
663,126,3,4,SHARE,2023-01-11 11:35:00,,,
664,121,1,3,COMMENT,2023-01-10 09:32:00,,,0.1
665,125,1,1,COMMENT,2023-03-13 23:36:00,,,0.23
666,101,1,2,COMMENT,2023-03-22 15:58:00,,,-0.05
667,102,3,2,SHARE,2023-02-21 14:57:00,,579.0,
668,115,2,1,SCENE_VIEW,2023-03-19 23:43:00,11.0,,
669,107,3,3,COMMENT,2023-01-05 08:53:00,,,-0.94
670,113,3,2,SCENE_VIEW,2023-05-13 05:38:00,4.0,345.0,
671,123,1,3,SHARE,2023-01-16 07:23:00,,492.0,
672,107,3,3,HIGHLIGHT,2023-01-12 01:49:00,7.0,124.0,
673,117,1,4,SCENE_VIEW,2023-02-07 10:59:00,16.0,566.0,
674,125,2,2,READ,2023-05-22 04:13:00,,67.0,
675,113,3,1,READ,2023-03-02 21:54:00,,119.0,
676,115,1,1,SCENE_VIEW,2023-06-24 09:01:00,19.0,,
677,111,1,2,COMMENT,2023-03-18 10:49:00,,,-0.12
678,104,2,2,HIGHLIGHT,2023-03-04 00:39:00,18.0,,
679,107,3,3,SCENE_VIEW,2023-03-09 04:45:00,26.0,,
680,106,1,3,SCENE_VIEW,2023-03-18 14:03:00,5.0,59.0,
681,129,3,1,READ,2023-04-02 02:27:00,,,
682,123,3,4,SCENE_VIEW,2023-03-10 10:52:00,7.0,,
683,130,2,2,READ,2023-06-15 03:29:00,,347.0,
684,116,1,2,HIGHLIGHT,2023-05-09 11:25:00,6.0,368.0,
685,115,2,1,READ,2023-04-04 11:30:00,,,
686,110,2,2,SCENE_VIEW,2023-01-13 22:50:00,4.0,,
687,126,2,4,SHARE,2023-05-14 07:39:00,,,
688,116,2,1,COMMENT,2023-02-27 22:37:00,,,-0.14
689,114,3,3,SCENE_VIEW,2023-06-08 05:42:00,22.0,109.0,
690,104,3,4,COMMENT,2023-05-04 14:11:00,,,-0.38
691,113,1,1,SCENE_VIEW,2023-04-11 15:41:00,22.0,,
692,107,1,1,HIGHLIGHT,2023-06-05 14:34:00,10.0,429.0,
693,107,1,3,COMMENT,2023-05-26 21:19:00,,,0.84
694,130,2,3,READ,2023-05-01 19:32:00,,,
695,128,2,1,COMMENT,2023-05-02 00:45:00,,,0.12
696,112,1,3,READ,2023-02-14 22:37:00,,433.0,
697,123,2,4,SHARE,2023-04-18 06:42:00,,207.0,
698,105,1,4,COMMENT,2023-04-05 09:55:00,,,0.34
699,105,1,1,READ,2023-02-24 15:42:00,,,
700,103,1,4,SHARE,2023-06-20 13:39:00,,214.0,
701,117,2,4,SHARE,2023-03-08 05:27:00,,37.0,
702,128,3,2,SCENE_VIEW,2023-03-14 17:36:00,12.0,,
703,119,2,3,READ,2023-05-16 22:05:00,,175.0,
704,115,3,1,SCENE_VIEW,2023-05-03 07:30:00,21.0,109.0,
705,120,1,3,SCENE_VIEW,2023-01-16 14:32:00,29.0,510.0,
706,114,2,3,COMMENT,2023-02-02 22:59:00,,,0.2
707,110,3,3,READ,2023-06-16 18:10:00,,82.0,
708,126,3,1,COMMENT,2023-04-03 04:32:00,,,-0.85
709,126,2,3,HIGHLIGHT,2023-05-09 08:54:00,9.0,,
710,120,1,2,SHARE,2023-03-26 05:16:00,,271.0,
711,106,3,1,COMMENT,2023-01-05 19:59:00,,,0.64
712,127,2,4,SHARE,2023-02-22 14:46:00,,,
713,119,3,3,READ,2023-06-09 03:03:00,,201.0,
714,113,2,3,SHARE,2023-06-25 17:14:00,,418.0,
715,116,2,2,SCENE_VIEW,2023-04-01 09:59:00,26.0,489.0,
716,122,2,1,READ,2023-05-21 11:54:00,,472.0,
717,111,2,3,READ,2023-03-21 18:25:00,,,
718,124,3,2,SCENE_VIEW,2023-03-22 22:11:00,11.0,,
719,122,1,1,READ,2023-04-04 16:06:00,,486.0,
720,108,3,3,COMMENT,2023-02-02 00:39:00,,,-0.82
721,120,3,2,SCENE_VIEW,2023-06-04 22:07:00,3.0,163.0,
722,122,3,2,READ,2023-06-06 08:18:00,,,
723,121,2,3,SHARE,2023-06-22 10:16:00,,,
724,109,1,4,SHARE,2023-03-02 08:52:00,,,
725,115,1,4,HIGHLIGHT,2023-05-13 05:41:00,16.0,,
726,118,2,2,SCENE_VIEW,2023-06-04 14:45:00,9.0,,
727,103,1,3,SHARE,2023-01-16 04:41:00,,,
728,122,2,3,HIGHLIGHT,2023-06-11 12:36:00,1.0,557.0,
729,116,2,4,READ,2023-05-08 00:24:00,,,
730,119,3,3,COMMENT,2023-06-10 12:03:00,,,0.26
731,121,1,3,SCENE_VIEW,2023-03-03 14:48:00,25.0,,
732,106,3,1,SHARE,2023-06-07 09:44:00,,,
733,121,3,3,SHARE,2023-01-21 14:47:00,,,
734,102,1,1,SCENE_VIEW,2023-02-16 12:04:00,26.0,583.0,
735,116,3,4,READ,2023-01-11 01:21:00,,73.0,
736,104,1,4,SCENE_VIEW,2023-02-24 18:14:00,30.0,,
737,124,1,4,READ,2023-04-20 01:15:00,,,
738,106,3,1,COMMENT,2023-01-15 19:10:00,,,0.67
739,103,1,1,SHARE,2023-05-26 19:14:00,,,
740,114,2,4,COMMENT,2023-01-22 18:34:00,,,-0.73
741,127,1,1,SCENE_VIEW,2023-02-11 02:07:00,9.0,174.0,
742,106,3,3,SCENE_VIEW,2023-02-15 07:59:00,19.0,,
743,104,3,4,HIGHLIGHT,2023-01-16 02:00:00,1.0,,
744,123,3,3,SHARE,2023-06-26 15:44:00,,,
745,105,3,3,SCENE_VIEW,2023-04-14 07:11:00,20.0,,
746,123,2,1,COMMENT,2023-03-14 00:35:00,,,-0.53
747,104,3,1,SCENE_VIEW,2023-03-28 17:32:00,8.0,,
748,109,1,2,READ,2023-02-22 15:31:00,,,
749,122,1,1,COMMENT,2023-03-07 13:16:00,,,-0.33
750,126,2,1,READ,2023-06-02 17:11:00,,,
751,116,3,1,READ,2023-02-24 14:37:00,,363.0,
752,107,3,3,HIGHLIGHT,2023-01-11 07:06:00,8.0,,
753,113,1,1,SHARE,2023-05-16 01:56:00,,,
754,107,3,4,HIGHLIGHT,2023-04-12 04:29:00,24.0,228.0,
755,109,1,3,HIGHLIGHT,2023-01-23 18:03:00,9.0,,
756,128,2,4,SHARE,2023-02-25 10:14:00,,,
757,126,3,2,SCENE_VIEW,2023-05-28 07:05:00,14.0,564.0,
758,128,1,4,SHARE,2023-03-01 23:27:00,,,
759,111,2,2,SCENE_VIEW,2023-02-19 00:26:00,2.0,71.0,
760,124,3,1,SHARE,2023-05-13 15:51:00,,130.0,
761,116,1,1,SCENE_VIEW,2023-01-23 23:26:00,7.0,165.0,
762,110,1,1,READ,2023-04-22 09:10:00,,,
763,115,2,2,SHARE,2023-02-26 11:40:00,,,
764,128,3,1,SHARE,2023-06-11 16:02:00,,333.0,
765,125,2,2,READ,2023-05-11 23:59:00,,86.0,
766,129,1,1,SHARE,2023-03-15 19:02:00,,404.0,
767,106,3,1,SCENE_VIEW,2023-06-25 06:08:00,11.0,,
768,121,2,2,HIGHLIGHT,2023-03-12 08:32:00,22.0,463.0,
769,102,1,3,COMMENT,2023-04-16 16:33:00,,,0.66
770,116,3,3,SHARE,2023-05-12 21:44:00,,,
771,129,2,1,READ,2023-04-06 09:04:00,,,
772,109,1,2,SHARE,2023-02-28 06:33:00,,53.0,
773,114,3,2,SHARE,2023-03-14 14:47:00,,51.0,
774,107,1,1,HIGHLIGHT,2023-05-21 10:26:00,19.0,381.0,
775,116,3,4,SHARE,2023-03-19 04:57:00,,,
776,126,2,2,SHARE,2023-03-10 01:09:00,,391.0,
777,115,1,2,SCENE_VIEW,2023-03-06 05:53:00,23.0,,
778,108,1,1,COMMENT,2023-05-05 14:16:00,,,-0.26
779,107,3,1,COMMENT,2023-03-05 11:28:00,,,0.08
780,106,3,3,READ,2023-01-13 15:49:00,,178.0,
781,130,2,2,READ,2023-06-18 16:21:00,,332.0,
782,129,2,2,SCENE_VIEW,2023-06-15 10:44:00,4.0,,
783,105,3,1,COMMENT,2023-01-13 19:53:00,,,-0.56
784,112,1,3,READ,2023-05-21 06:37:00,,,
785,126,2,2,READ,2023-01-18 14:43:00,,119.0,
786,107,2,3,SCENE_VIEW,2023-05-17 01:58:00,22.0,399.0,
787,105,3,4,COMMENT,2023-04-12 00:18:00,,,-0.31
788,110,2,1,HIGHLIGHT,2023-06-15 23:26:00,26.0,483.0,
789,106,3,4,SHARE,2023-02-27 18:38:00,,,
790,107,2,4,SCENE_VIEW,2023-03-03 18:48:00,13.0,,
791,114,3,3,SHARE,2023-02-18 14:45:00,,,
792,106,2,3,SCENE_VIEW,2023-04-02 09:53:00,19.0,341.0,
793,118,3,4,HIGHLIGHT,2023-01-26 00:09:00,9.0,337.0,
794,104,3,3,SHARE,2023-02-16 22:41:00,,,
795,104,2,4,READ,2023-05-24 11:37:00,,522.0,
796,128,2,4,READ,2023-03-17 23:36:00,,47.0,
797,106,3,1,HIGHLIGHT,2023-03-15 22:08:00,12.0,,
798,109,2,4,COMMENT,2023-01-10 09:33:00,,,0.28
799,103,3,2,HIGHLIGHT,2023-01-20 05:34:00,11.0,353.0,
800,109,3,3,READ,2023-05-19 11:52:00,,,
